{
  "title": "Zillow Scraping",
  "description": "Description",
  "type": "object",
  "schemaVersion": 1,
  "properties": {
    "searchby": {
      "sectionCaption": "Search by",
      "sectionDescription": "Choose county (default), zip code, or state",
      "title": "Area type",
      "type": "string",
      "editor": "select",
      "default": "county",
      "description": "Select an area type",
      "enum": [
        "county",
        "state",
        "zipcode"
      ]
    },
    "county": {
      "title": "Counties",
      "type": "string",
      "editor": "select",
      "prefill": "San Diego County, CA",
      "description": "Must be a county",
      "enum": [
        "Los Angeles County, CA",
        "Cook County, IL",
        "Harris County, TX",
        "Maricopa County, AZ",
        "San Diego County, CA",
        "Orange County, CA",
        "Kings County, NY",
        "Miami-Dade County, FL",
        "Dallas County, TX",
        "Riverside County, CA",
        "Queens County, NY",
        "King County, WA",
        "Clark County, NV",
        "San Bernardino County, CA",
        "Tarrant County, TX",
        "Bexar County, TX",
        "Broward County, FL",
        "Santa Clara County, CA",
        "Wayne County, MI",
        "Alameda County, CA",
        "New York County, NY",
        "Middlesex County, MA",
        "Philadelphia County, PA",
        "Sacramento County, CA",
        "Suffolk County, NY",
        "Palm Beach County, FL",
        "Bronx County, NY",
        "Hillsborough County, FL",
        "Orange County, FL",
        "Nassau County, NY",
        "Franklin County, OH",
        "Oakland County, MI",
        "Hennepin County, MN",
        "Travis County, TX",
        "Cuyahoga County, OH",
        "Allegheny County, PA",
        "Salt Lake County, UT",
        "Contra Costa County, CA",
        "Fairfax County, VA",
        "Wake County, NC",
        "Mecklenburg County, NC",
        "Montgomery County, MD",
        "Fulton County, GA",
        "Collin County, TX",
        "Pima County, AZ",
        "Honolulu County, HI",
        "Fresno County, CA",
        "St. Louis County, MO",
        "Westchester County, NY",
        "Duval County, FL",
        "Marion County, IN",
        "Pinellas County, FL",
        "Prince George's County, MD",
        "Fairfield County, CT",
        "Bergen County, NJ",
        "Erie County, NY",
        "Gwinnett County, GA",
        "Milwaukee County, WI",
        "DuPage County, IL",
        "Shelby County, TN",
        "Pierce County, WA",
        "Kern County, CA",
        "Hartford County, CT",
        "Denton County, TX",
        "Macomb County, MI",
        "San Francisco County, CA",
        "Hidalgo County, TX",
        "New Haven County, CT",
        "El Paso County, TX",
        "Middlesex County, NJ",
        "Worcester County, MA",
        "Essex County, NJ",
        "Montgomery County, PA",
        "Baltimore County, MD",
        "Ventura County, CA",
        "Hamilton County, OH",
        "Snohomish County, WA",
        "Multnomah County, OR",
        "Fort Bend County, TX",
        "Essex County, MA",
        "Suffolk County, MA",
        "Oklahoma County, OK",
        "Jefferson County, KY",
        "San Joaquin County, CA",
        "Cobb County, GA",
        "San Mateo County, CA",
        "DeKalb County, GA",
        "Monroe County, NY",
        "Lee County, FL",
        "El Paso County, CO",
        "Norfolk County, MA",
        "Lake County, IL",
        "Hudson County, NJ",
        "Jackson County, MO",
        "Polk County, FL",
        "Davidson County, TN",
        "Denver County, CO",
        "Will County, IL",
        "District of Columbia, DC",
        "Bernalillo County, NM",
        "Jefferson County, AL",
        "Tulsa County, OK",
        "Providence County, RI",
        "Kent County, MI",
        "Arapahoe County, CO",
        "Utah County, UT",
        "Bucks County, PA",
        "Monmouth County, NJ",
        "Ocean County, NJ",
        "Montgomery County, TX",
        "Johnson County, KS",
        "Brevard County, FL",
        "Washington County, OR",
        "Baltimore City, MD",
        "Williamson County, TX",
        "Anne Arundel County, MD",
        "Jefferson County, CO",
        "Douglas County, NE",
        "Bristol County, MA",
        "Delaware County, PA",
        "Union County, NJ",
        "New Castle County, DE",
        "Dane County, WI",
        "Pasco County, FL",
        "Stanislaus County, CA",
        "Lancaster County, PA",
        "Ramsey County, MN",
        "Volusia County, FL",
        "Summit County, OH",
        "Guilford County, NC",
        "Montgomery County, OH",
        "Chester County, PA",
        "Spokane County, WA",
        "Plymouth County, MA",
        "Camden County, NJ",
        "Passaic County, NJ",
        "Sedgwick County, KS",
        "Greenville County, SC",
        "Kane County, IL",
        "Adams County, CO",
        "Morris County, NJ",
        "Clark County, WA",
        "Lake County, IN",
        "Richmond County, NY",
        "Sonoma County, CA",
        "Polk County, IA",
        "Ada County, ID",
        "Washoe County, NV",
        "Prince William County, VA",
        "Knox County, TN",
        "Onondaga County, NY",
        "Tulare County, CA",
        "Seminole County, FL",
        "Hampden County, MA",
        "Burlington County, NJ",
        "Virginia Beach City, VA",
        "East Baton Rouge Parish, LA",
        "York County, PA",
        "Solano County, CA",
        "Santa Barbara County, CA",
        "Jefferson Parish, LA",
        "Monterey County, CA",
        "Dakota County, MN",
        "Lucas County, OH",
        "Sarasota County, FL",
        "Berks County, PA",
        "Pinal County, AZ",
        "Cameron County, TX",
        "Hillsborough County, NH",
        "Clackamas County, OR",
        "Richland County, SC",
        "Mobile County, AL",
        "Loudoun County, VA",
        "Genesee County, MI",
        "Waukesha County, WI",
        "Charleston County, SC",
        "St. Charles County, MO",
        "Placer County, CA",
        "Orange County, NY",
        "Pulaski County, AR",
        "Manatee County, FL",
        "Butler County, OH",
        "Mercer County, NJ",
        "Orleans Parish, LA",
        "Madison County, AL",
        "Allen County, IN",
        "Forsyth County, NC",
        "Lane County, OR",
        "Osceola County, FL",
        "Lake County, FL",
        "Stark County, OH",
        "Collier County, FL",
        "Lehigh County, PA",
        "Washtenaw County, MI",
        "Marion County, FL",
        "Brazoria County, TX",
        "Bell County, TX",
        "Hamilton County, TN",
        "Anoka County, MN",
        "Chesterfield County, VA",
        "Davis County, UT",
        "Westmoreland County, PA",
        "Larimer County, CO",
        "Nueces County, TX",
        "Douglas County, CO",
        "Galveston County, TX",
        "Horry County, SC",
        "Marion County, OR",
        "Somerset County, NJ",
        "Hamilton County, IN",
        "Rockland County, NY",
        "Rutherford County, TN",
        "Cumberland County, NC",
        "Henrico County, VA",
        "Howard County, MD",
        "Boulder County, CO",
        "Luzerne County, PA",
        "St. Lucie County, FL",
        "Spartanburg County, SC",
        "Weld County, CO",
        "Fayette County, KY",
        "Lancaster County, NE",
        "Durham County, NC",
        "Escambia County, FL",
        "Albany County, NY",
        "Rockingham County, NH",
        "Lorain County, OH",
        "Northampton County, PA",
        "McHenry County, IL",
        "Lubbock County, TX",
        "St. Louis City, MO",
        "Gloucester County, NJ",
        "Cumberland County, ME",
        "Greene County, MO",
        "Dutchess County, NY",
        "Chatham County, GA",
        "Clayton County, GA",
        "Ottawa County, MI",
        "Anchorage Municipality, AK",
        "Cleveland County, OK",
        "Lexington County, SC",
        "Leon County, FL",
        "Thurston County, WA",
        "Ingham County, MI",
        "Winnebago County, IL",
        "Dauphin County, PA",
        "San Luis Obispo County, CA",
        "Merced County, CA",
        "Benton County, AR",
        "York County, SC",
        "Alachua County, FL",
        "Atlantic County, NJ",
        "Kitsap County, WA",
        "Santa Cruz County, CA",
        "St. Joseph County, IN",
        "Erie County, PA",
        "New London County, CT",
        "Frederick County, MD",
        "Brown County, WI",
        "Buncombe County, NC",
        "Webb County, TX",
        "Madison County, IL",
        "St. Johns County, FL",
        "Washington County, MN",
        "St. Tammany Parish, LA",
        "Marin County, CA",
        "Cherokee County, GA",
        "Kalamazoo County, MI",
        "Weber County, UT",
        "Harford County, MD",
        "St. Clair County, IL",
        "McLennan County, TX",
        "Cumberland County, PA",
        "Jefferson County, TX",
        "Yakima County, WA",
        "Clay County, MO",
        "Chesapeake City, VA",
        "Forsyth County, GA",
        "Washington County, AR",
        "Williamson County, TN",
        "Lafayette Parish, LA",
        "Caddo Parish, LA",
        "Warren County, OH",
        "Norfolk City, VA",
        "Henry County, GA",
        "Arlington County, VA",
        "Union County, NC",
        "Saratoga County, NY",
        "Hays County, TX",
        "Sussex County, DE",
        "Yavapai County, AZ",
        "Lake County, OH",
        "Oneida County, NY",
        "Smith County, TX",
        "Brazos County, TX",
        "Hinds County, MS",
        "Montgomery County, AL",
        "Mahoning County, OH",
        "Linn County, IA",
        "Barnstable County, MA",
        "Canyon County, ID",
        "Baldwin County, AL",
        "Gaston County, NC",
        "Jefferson County, MO",
        "Richmond City, VA",
        "New Hanover County, NC",
        "Berkeley County, SC",
        "Whatcom County, WA",
        "Tuscaloosa County, AL",
        "Jackson County, OR",
        "Cabarrus County, NC",
        "Shelby County, AL",
        "Doña Ana County, NM",
        "Butte County, CA",
        "Yolo County, CA",
        "Clay County, FL",
        "Montgomery County, TN",
        "Lackawanna County, PA",
        "Niagara County, NY",
        "Calcasieu Parish, LA",
        "Johnston County, NC",
        "Mohave County, AZ",
        "Delaware County, OH",
        "York County, ME",
        "Okaloosa County, FL",
        "Washington County, PA",
        "Clermont County, OH",
        "Harrison County, MS",
        "Champaign County, IL",
        "Elkhart County, IN",
        "Richmond County, GA",
        "Benton County, WA",
        "Muscogee County, GA",
        "Yuma County, AZ",
        "Anderson County, SC",
        "Trumbull County, OH",
        "Hall County, GA",
        "Onslow County, NC",
        "Hawaii County, HI",
        "St. Louis County, MN",
        "Broome County, NY",
        "Racine County, WI",
        "Sangamon County, IL",
        "Deschutes County, OR",
        "Minnehaha County, SD",
        "Livingston County, MI",
        "Sumner County, TN",
        "Butler County, PA",
        "Hernando County, FL",
        "El Dorado County, CA",
        "Saginaw County, MI",
        "Outagamie County, WI",
        "Sarpy County, NE",
        "Ellis County, TX",
        "Beaufort County, SC",
        "Tippecanoe County, IN",
        "Litchfield County, CT",
        "Newport News City, VA",
        "Charlotte County, FL",
        "Santa Rosa County, FL",
        "Iredell County, NC",
        "DeSoto County, MS",
        "Cass County, ND",
        "Peoria County, IL",
        "Boone County, MO",
        "Kanawha County, WV",
        "Shasta County, CA",
        "Ulster County, NY",
        "Medina County, OH",
        "Bay County, FL",
        "Kent County, DE",
        "Imperial County, CA",
        "Vanderburgh County, IN",
        "Shawnee County, KS",
        "Licking County, OH",
        "Johnson County, TX",
        "Washington County, UT",
        "Muskegon County, MI",
        "Scott County, IA",
        "Porter County, IN",
        "Lee County, AL",
        "Carroll County, MD",
        "Hendricks County, IN",
        "McLean County, IL",
        "Winnebago County, WI",
        "Pitt County, NC",
        "Guadalupe County, TX",
        "Kent County, RI",
        "Alamance County, NC",
        "Kenosha County, WI",
        "Wyandotte County, KS",
        "Kootenai County, ID",
        "Kenton County, KY",
        "Beaver County, PA",
        "Monroe County, PA",
        "Aiken County, SC",
        "Davidson County, NC",
        "Chittenden County, VT",
        "Pueblo County, CO",
        "Greene County, OH",
        "Midland County, TX",
        "Paulding County, GA",
        "Charles County, MD",
        "Maui County, HI",
        "Middlesex County, CT",
        "Yellowstone County, MT",
        "Rock County, WI",
        "Portage County, OH",
        "Hampshire County, MA",
        "Ector County, TX",
        "Houston County, GA",
        "Rensselaer County, NY",
        "Olmsted County, MN",
        "Jackson County, MI",
        "Ouachita Parish, LA",
        "Dorchester County, SC",
        "St. Clair County, MI",
        "Catawba County, NC",
        "Johnson County, IN",
        "Centre County, PA",
        "Martin County, FL",
        "Alexandria City, VA",
        "Indian River County, FL",
        "Sullivan County, TN",
        "Stearns County, MN",
        "Fairfield County, OH",
        "Schenectady County, NY",
        "Bibb County, GA",
        "Madera County, CA",
        "Comal County, TX",
        "Rankin County, MS",
        "Franklin County, PA",
        "Cumberland County, NJ",
        "Mesa County, CO",
        "Columbia County, GA",
        "Berrien County, MI",
        "Stafford County, VA",
        "Monroe County, MI",
        "Washington County, MD",
        "Santa Fe County, NM",
        "Merrimack County, NH",
        "Penobscot County, ME",
        "Citrus County, FL",
        "Kings County, CA",
        "Johnson County, IA",
        "Canadian County, OK",
        "Tolland County, CT",
        "Scott County, MN",
        "Orange County, NC",
        "Sandoval County, NM",
        "Rowan County, NC",
        "Coconino County, AZ",
        "Coweta County, GA",
        "Parker County, TX",
        "Wilson County, TN",
        "Rock Island County, IL",
        "Sussex County, NJ",
        "Randolph County, NC",
        "Douglas County, GA",
        "Schuylkill County, PA",
        "Jackson County, MS",
        "Lebanon County, PA",
        "Taylor County, TX",
        "Livingston Parish, LA",
        "Monroe County, IN",
        "Kaufman County, TX",
        "Wright County, MN",
        "Randall County, TX",
        "Napa County, CA",
        "Spotsylvania County, VA",
        "Marathon County, WI",
        "Florence County, SC",
        "Humboldt County, CA",
        "Hampton City, VA",
        "Washington County, WI",
        "Clark County, OH",
        "Boone County, KY",
        "Calhoun County, MI",
        "Grayson County, TX",
        "Cambria County, PA",
        "Blount County, TN",
        "Brunswick County, NC",
        "Warren County, KY",
        "Harnett County, NC",
        "Tangipahoa Parish, LA",
        "Washington County, TN",
        "Tazewell County, IL",
        "Wood County, OH",
        "Cache County, UT",
        "Black Hawk County, IA",
        "Kendall County, IL",
        "Strafford County, NH",
        "Rapides Parish, LA",
        "Madison County, IN",
        "Washington County, RI",
        "Pickens County, SC",
        "Fayette County, PA",
        "Wichita County, TX",
        "Berkshire County, MA",
        "Hunterdon County, NJ",
        "Bossier Parish, LA",
        "Skagit County, WA",
        "Clarke County, GA",
        "Chautauqua County, NY",
        "Sebastian County, AR",
        "Sumter County, FL",
        "Linn County, OR",
        "Ascension Parish, LA",
        "Cochise County, AZ",
        "Richland County, OH",
        "Gregg County, TX",
        "Kennebec County, ME",
        "Faulkner County, AR",
        "Blair County, PA",
        "San Juan County, NM",
        "Morgan County, AL",
        "Saline County, AR",
        "Jasper County, MO",
        "Bonneville County, ID",
        "Comanche County, OK",
        "Berkeley County, WV",
        "La Crosse County, WI",
        "Clark County, IN",
        "Allegan County, MI",
        "Tom Green County, TX",
        "Potter County, TX",
        "Robeson County, NC",
        "Douglas County, KS",
        "Carroll County, GA",
        "Oswego County, NY",
        "Fayette County, GA",
        "Wayne County, NC",
        "Jefferson County, NY",
        "Sheboygan County, WI",
        "Lowndes County, GA",
        "Missoula County, MT",
        "Wayne County, OH",
        "Gallatin County, MT",
        "Windham County, CT",
        "Calhoun County, AL",
        "Henderson County, NC",
        "Lycoming County, PA",
        "Flagler County, FL",
        "St. Mary's County, MD",
        "Delaware County, IN",
        "LaPorte County, IN",
        "Ontario County, NY",
        "Albemarle County, VA",
        "Newton County, GA",
        "Mercer County, PA",
        "Douglas County, OR",
        "Androscoggin County, ME",
        "Hardin County, KY",
        "Terrebonne Parish, LA",
        "LaSalle County, IL",
        "Craighead County, AR",
        "Cowlitz County, WA",
        "Warren County, NJ",
        "Hanover County, VA",
        "Eaton County, MI",
        "St. Lawrence County, NY",
        "Pennington County, SD",
        "Madison County, MS",
        "Kankakee County, IL",
        "Miami County, OH",
        "Bartow County, GA",
        "Bradley County, TN",
        "Yamhill County, OR",
        "Cass County, MO",
        "Matanuska-Susitna Borough, AK",
        "Navajo County, AZ",
        "Vigo County, IN",
        "Houston County, AL",
        "Walworth County, WI",
        "Monongalia County, WV",
        "Carver County, MN",
        "Tompkins County, NY",
        "Sumter County, SC",
        "Rockwall County, TX",
        "Eau Claire County, WI",
        "Platte County, MO",
        "Woodbury County, IA",
        "Franklin County, MO",
        "Macon County, IL",
        "Bay County, MI",
        "Fond du Lac County, WI",
        "Adams County, PA",
        "Etowah County, AL",
        "Flathead County, MT",
        "Cecil County, MD",
        "Wicomico County, MD",
        "Whitfield County, GA",
        "Daviess County, KY",
        "Allen County, OH",
        "Columbiana County, OH",
        "Nevada County, CA",
        "Craven County, NC",
        "Limestone County, AL",
        "Highlands County, FL",
        "DeKalb County, IL",
        "Laramie County, WY",
        "Garland County, AR",
        "Roanoke City, VA",
        "Lenawee County, MI",
        "Montgomery County, VA",
        "Sutter County, CA",
        "Maury County, TN",
        "Cleveland County, NC",
        "Hunt County, TX",
        "Dubuque County, IA",
        "Moore County, NC",
        "Madison County, TN",
        "Floyd County, GA",
        "Story County, IA",
        "Sevier County, TN",
        "Putnam County, NY",
        "Burleigh County, ND",
        "Grant County, WA",
        "Ashtabula County, OH",
        "Lafourche Parish, LA",
        "Portsmouth City, VA",
        "Marshall County, AL",
        "Fairbanks North Star Borough, AK",
        "Dallas County, IA",
        "Roanoke County, VA",
        "Sherburne County, MN",
        "Cape May County, NJ",
        "Walton County, GA",
        "Geauga County, OH",
        "Franklin County, WA",
        "Bastrop County, TX",
        "Benton County, OR",
        "Lancaster County, SC",
        "Rogers County, OK",
        "Nash County, NC",
        "Cabell County, WV",
        "Grand Traverse County, MI",
        "Steuben County, NY",
        "Pottawattamie County, IA",
        "Lauderdale County, AL",
        "Suffolk City, VA",
        "Tuscarawas County, OH",
        "Campbell County, KY",
        "Rockdale County, GA",
        "Bowie County, TX",
        "Calvert County, MD",
        "St. Croix County, WI",
        "Madison County, KY",
        "Northumberland County, PA",
        "Mendocino County, CA",
        "Wayne County, NY",
        "Victoria County, TX",
        "Ozaukee County, WI",
        "Grafton County, NH",
        "Rockingham County, NC",
        "St. Clair County, AL",
        "Frederick County, VA",
        "Liberty County, TX",
        "Dodge County, WI",
        "Twin Falls County, ID",
        "Lapeer County, MI",
        "Nassau County, FL",
        "Burke County, NC",
        "Christian County, MO",
        "Josephine County, OR",
        "Elmore County, AL",
        "Cullman County, AL",
        "Dougherty County, GA",
        "Angelina County, TX",
        "Bannock County, ID",
        "Polk County, OR",
        "Muskingum County, OH",
        "Lawrence County, PA",
        "Island County, WA",
        "Lincoln County, NC",
        "Buchanan County, MO",
        "Newport County, RI",
        "Orange County, TX",
        "Orangeburg County, SC",
        "Jefferson County, WI",
        "Wood County, WV",
        "Crawford County, PA",
        "Chemung County, NY",
        "Glynn County, GA",
        "Cascade County, MT",
        "Indiana County, PA",
        "Midland County, MI",
        "Lee County, MS",
        "Howard County, IN",
        "Rockingham County, VA",
        "St. Landry Parish, LA",
        "Monroe County, FL",
        "Barrow County, GA",
        "Talladega County, AL",
        "Payne County, OK",
        "Bartholomew County, IN",
        "Bullitt County, KY",
        "Henderson County, TX",
        "Coryell County, TX",
        "Leavenworth County, KS",
        "Lewis County, WA",
        "Manitowoc County, WI",
        "Cape Girardeau County, MO",
        "Caldwell County, NC",
        "Clearfield County, PA",
        "Wagoner County, OK",
        "Yuba County, CA",
        "Kosciusko County, IN",
        "Clinton County, NY",
        "Bulloch County, GA",
        "Floyd County, IN",
        "Umatilla County, OR",
        "Natrona County, WY",
        "Bedford County, VA",
        "Lynchburg City, VA",
        "Putnam County, TN",
        "Clinton County, MI",
        "Wilson County, NC",
        "Hancock County, IN",
        "Chelan County, WA",
        "Sullivan County, NY",
        "Oconee County, SC",
        "Forrest County, MS",
        "James City County, VA",
        "Cole County, MO",
        "Cattaraugus County, NY",
        "Ross County, OH",
        "White County, AR",
        "Augusta County, VA",
        "Clallam County, WA",
        "Anderson County, TN",
        "Cayuga County, NY",
        "Walker County, TX",
        "Cheshire County, NH",
        "Valencia County, NM",
        "Erie County, OH",
        "Van Buren County, MI",
        "Hancock County, OH",
        "Chatham County, NC",
        "Vermilion County, IL",
        "Raleigh County, WV",
        "Grays Harbor County, WA",
        "Scioto County, OH",
        "Somerset County, PA",
        "Wood County, WI",
        "Jackson County, GA",
        "Lonoke County, AR",
        "Lauderdale County, MS",
        "Walton County, FL",
        "Kauai County, HI",
        "Putnam County, FL",
        "Grand Forks County, ND",
        "McKinley County, NM",
        "Lea County, NM",
        "Broomfield County, CO",
        "Riley County, KS",
        "Fauquier County, VA",
        "Christian County, KY",
        "Pottawatomie County, OK",
        "Robertson County, TN",
        "Creek County, OK",
        "DeKalb County, AL",
        "Surry County, NC",
        "Morgan County, IN",
        "Tooele County, UT",
        "Franklin County, MA",
        "Iberia Parish, LA",
        "Portage County, WI",
        "Lewis and Clark County, MT",
        "Greene County, TN",
        "Boone County, IN",
        "Ward County, ND",
        "York County, VA",
        "Troup County, GA",
        "Greenwood County, SC",
        "Columbia County, FL",
        "Klamath County, OR",
        "Allegany County, MD",
        "Harrison County, TX",
        "San Patricio County, TX",
        "Blue Earth County, MN",
        "Madison County, NY",
        "Shiawassee County, MI",
        "Jefferson County, AR",
        "Carteret County, NC",
        "Wise County, TX",
        "Walker County, GA",
        "Lake County, CA",
        "Franklin County, NC",
        "Oldham County, KY",
        "Catoosa County, GA",
        "Butler County, KS",
        "McCracken County, KY",
        "Jones County, MS",
        "Otero County, NM",
        "Aroostook County, ME",
        "Williamson County, IL",
        "St. Francois County, MO",
        "Laurens County, SC",
        "Belmont County, OH",
        "Muskogee County, OK",
        "Grant County, IN",
        "Rice County, MN",
        "Spalding County, GA",
        "Wayne County, IN",
        "Ionia County, MI",
        "Apache County, AZ",
        "Montcalm County, MI",
        "Marquette County, MI",
        "Wilkes County, NC",
        "Harrison County, WV",
        "Armstrong County, PA",
        "Crow Wing County, MN",
        "Adams County, IL",
        "Chippewa County, WI",
        "Warren County, NY",
        "Isabella County, MI",
        "Jefferson County, OH",
        "Starr County, TX",
        "Marion County, OH",
        "Sauk County, WI",
        "Tehama County, CA",
        "Walker County, AL",
        "Chaves County, NM",
        "Columbia County, PA",
        "Kershaw County, SC",
        "Clay County, MN",
        "Mason County, WA",
        "Nacogdoches County, TX",
        "Carbon County, PA",
        "Salem County, NJ",
        "Pulaski County, KY",
        "Coos County, OR",
        "Rutherford County, NC",
        "Liberty County, GA",
        "Hamblen County, TN",
        "Lamar County, MS",
        "Warrick County, IN",
        "Effingham County, GA",
        "Darlington County, SC",
        "Belknap County, NH",
        "San Benito County, CA",
        "Pope County, AR",
        "Lincoln County, SD",
        "Georgetown County, SC",
        "Athens County, OH",
        "Lee County, NC",
        "Garfield County, OK",
        "Hall County, NE",
        "Knox County, OH",
        "Livingston County, NY",
        "Walla Walla County, WA",
        "Stanly County, NC",
        "Laurel County, KY",
        "Reno County, KS",
        "Barry County, MI",
        "Union County, OH",
        "Haywood County, NC",
        "Columbia County, NY",
        "Washington County, NY",
        "Garfield County, CO",
        "Eddy County, NM",
        "Tipton County, TN",
        "Granville County, NC",
        "Pittsylvania County, VA",
        "St. Joseph County, MI",
        "Rutland County, VT",
        "Herkimer County, NY",
        "Cumberland County, TN",
        "Hood County, TX",
        "Crawford County, AR",
        "Bradford County, PA",
        "Pender County, NC",
        "Washington County, OH",
        "Mercer County, WV",
        "Otter Tail County, MN",
        "Washington County, VT",
        "Sampson County, NC",
        "Sandusky County, OH",
        "Otsego County, NY",
        "Pike County, KY",
        "Lowndes County, MS",
        "Blount County, AL",
        "Van Zandt County, TX",
        "Kenai Peninsula Borough, AK",
        "Russell County, AL",
        "Lincoln County, MO",
        "Newton County, MO",
        "Huron County, OH",
        "Lawrence County, OH",
        "Pickaway County, OH",
        "Genesee County, NY",
        "Pike County, PA",
        "Autauga County, AL",
        "Columbia County, WI",
        "Acadia Parish, LA",
        "Anderson County, TX",
        "Lyon County, NV",
        "Carson City, NV",
        "Oxford County, ME",
        "Vermilion Parish, LA",
        "Maverick County, TX",
        "Windsor County, VT",
        "Jefferson County, WV",
        "Putnam County, WV",
        "Gordon County, GA",
        "Coffee County, TN",
        "Box Elder County, UT",
        "Hawkins County, TN",
        "Colbert County, AL",
        "Chisago County, MN",
        "Carter County, TN",
        "Scott County, KY",
        "Marion County, WV",
        "Cherokee County, SC",
        "Hardin County, TX",
        "Pearl River County, MS",
        "Whiteside County, IL",
        "Taney County, MO",
        "Iron County, UT",
        "Lafayette County, MS",
        "Eagle County, CO",
        "La Plata County, CO",
        "Campbell County, VA",
        "Waller County, TX",
        "Hancock County, ME",
        "Lenoir County, NC",
        "Tuolumne County, CA",
        "Seneca County, OH",
        "Franklin County, VA",
        "Grady County, OK",
        "Saline County, KS",
        "Jefferson County, TN",
        "Loudon County, TN",
        "Camden County, GA",
        "Watauga County, NC",
        "Dickson County, TN",
        "Washington County, VA",
        "Johnson County, MO",
        "Jackson County, IL",
        "Boone County, IL",
        "Fulton County, NY",
        "Pulaski County, MO",
        "Elko County, NV",
        "Roane County, TN",
        "Tuscola County, MI",
        "Gila County, AZ",
        "McMinn County, TN",
        "Coffee County, AL",
        "Jessamine County, KY",
        "Ashland County, OH",
        "Jackson County, AL",
        "Rusk County, TX",
        "Kerr County, TX",
        "St. Charles Parish, LA",
        "Washington County, OK",
        "Columbia County, OR",
        "Grundy County, IL",
        "Worcester County, MD",
        "St. Martin Parish, LA",
        "Grant County, WI",
        "Hoke County, NC",
        "Calumet County, WI",
        "Harrisonburg City, VA",
        "Culpeper County, VA",
        "Navarro County, TX",
        "Warren County, IA",
        "Darke County, OH",
        "Ogle County, IL",
        "Waupaca County, WI",
        "Cass County, MI",
        "Columbus County, NC",
        "Oktibbeha County, MS",
        "Franklin County, KY",
        "Wayne County, PA",
        "Henry County, VA",
        "Madison County, ID",
        "Venango County, PA",
        "Bristol County, RI",
        "Cherokee County, TX",
        "Dearborn County, IN",
        "Medina County, TX",
        "Somerset County, ME",
        "Gibson County, TN",
        "Knox County, IL",
        "Nye County, NV",
        "Carroll County, NH",
        "Lamar County, TX",
        "Winona County, MN",
        "Lincoln County, OR",
        "Buffalo County, NE",
        "Duplin County, NC",
        "St. Mary Parish, LA",
        "Bedford County, TN",
        "Franklin County, VT",
        "Queen Anne's County, MD",
        "Newaygo County, MI",
        "Edgecombe County, NC",
        "Montgomery County, NY",
        "Dale County, AL",
        "Henry County, IL",
        "Wilson County, TX",
        "Polk County, TX",
        "Halifax County, NC",
        "Laurens County, GA",
        "Douglas County, NV",
        "Vernon Parish, LA",
        "Fremont County, CO",
        "Logan County, OK",
        "Henry County, IN",
        "Curry County, NM",
        "Atascosa County, TX",
        "Tioga County, NY",
        "Boyd County, KY",
        "Le Flore County, OK",
        "Burnet County, TX",
        "Lincoln Parish, LA",
        "Crittenden County, AR",
        "Shelby County, OH",
        "Whitman County, WA",
        "Carter County, OK",
        "Jackson County, FL",
        "Greene County, NY",
        "Franklin County, NY",
        "Val Verde County, TX",
        "Bedford County, PA",
        "Coles County, IL",
        "Bingham County, ID",
        "Shelby County, KY",
        "Goodhue County, MN",
        "Santa Cruz County, AZ",
        "Chenango County, NY",
        "Cherokee County, OK",
        "Noble County, IN",
        "Cortland County, NY",
        "Campbell County, WY",
        "Allegany County, NY",
        "Charlottesville City, VA",
        "Clinton County, IA",
        "Barron County, WI",
        "Bonner County, ID",
        "Nelson County, KY",
        "Auglaize County, OH",
        "Marshall County, IN",
        "Mifflin County, PA",
        "Osage County, OK",
        "Monroe County, WI",
        "Stevens County, WA",
        "Monroe County, TN",
        "Beltrami County, MN",
        "Logan County, OH",
        "Jackson County, IN",
        "Hancock County, MS",
        "Perry County, PA",
        "Windham County, VT",
        "Bryan County, OK",
        "Colquitt County, GA",
        "Washington Parish, LA",
        "Habersham County, GA",
        "Hillsdale County, MI",
        "Thomas County, GA",
        "Greene County, AR",
        "Washington County, MS",
        "Hopkins County, KY",
        "Calaveras County, CA",
        "Caldwell County, TX",
        "Chambers County, TX",
        "Dunn County, WI",
        "Macoupin County, IL",
        "Warren County, MS",
        "Lawrence County, IN",
        "Henderson County, KY",
        "Itasca County, MN",
        "Beaufort County, NC",
        "Chilton County, AL",
        "Shelby County, IN",
        "Stephenson County, IL",
        "Polk County, WI",
        "Phelps County, MO",
        "Branch County, MI",
        "Delaware County, NY",
        "Wood County, TX",
        "Stokes County, NC",
        "McDowell County, NC",
        "Jefferson County, PA",
        "Huntingdon County, PA",
        "Callaway County, MO",
        "Barren County, KY",
        "Gadsden County, FL",
        "Holmes County, OH",
        "Siskiyou County, CA",
        "Kittitas County, WA",
        "Shenandoah County, VA",
        "Douglas County, WI",
        "Kay County, OK",
        "Lawrence County, TN",
        "Madison County, OH",
        "Baldwin County, GA",
        "Kendall County, TX",
        "Pittsburg County, OK",
        "St. Bernard Parish, LA",
        "Ravalli County, MT",
        "Brown County, OH",
        "Chesterfield County, SC",
        "Suwannee County, FL",
        "Kandiyohi County, MN",
        "Dubois County, IN",
        "Richmond County, NC",
        "Bryan County, GA",
        "Cerro Gordo County, IA",
        "Highland County, OH",
        "Muscatine County, IA",
        "Sullivan County, NH",
        "Union County, PA",
        "DeKalb County, IN",
        "Camden County, MO",
        "Coffee County, GA",
        "Jackson County, NC",
        "Stephens County, OK",
        "Pettis County, MO",
        "Miller County, AR",
        "Fulton County, OH",
        "St. John the Baptist Parish, LA",
        "Polk County, GA",
        "Vance County, NC",
        "Douglas County, WA",
        "Manassas City, VA",
        "Danville City, VA",
        "Davie County, NC",
        "Franklin County, TN",
        "Sweetwater County, WY",
        "Ohio County, WV",
        "Levy County, FL",
        "Montrose County, CO",
        "Butler County, MO",
        "Erath County, TX",
        "Pierce County, WI",
        "Prince George County, VA",
        "Summit County, UT",
        "Mercer County, OH",
        "Clinton County, OH",
        "Okanogan County, WA",
        "Crawford County, OH",
        "Nez Perce County, ID",
        "Gratiot County, MI",
        "Marinette County, WI",
        "Wharton County, TX",
        "Fayette County, TN",
        "Baxter County, AR",
        "Tallapoosa County, AL",
        "McClain County, OK",
        "Cooke County, TX",
        "Tift County, GA",
        "Tioga County, PA",
        "Benton County, MN",
        "Mississippi County, AR",
        "Fayette County, WV",
        "Preble County, OH",
        "Oconee County, GA",
        "Cheatham County, TN",
        "Shawano County, WI",
        "Sanilac County, MI",
        "Warren County, TN",
        "Upshur County, TX",
        "Clatsop County, OR",
        "Delaware County, OK",
        "Wyoming County, NY",
        "McKean County, PA",
        "Tazewell County, VA",
        "Isanti County, MN",
        "Orleans County, NY",
        "Knox County, ME",
        "Ottawa County, OH",
        "Warren County, VA",
        "Rio Arriba County, NM",
        "Pike County, MS",
        "Pasquotank County, NC",
        "Marshall County, IA",
        "Amador County, CA",
        "LaGrange County, IN",
        "Mecosta County, MI",
        "Mower County, MN",
        "Avoyelles Parish, LA",
        "Snyder County, PA",
        "Murray County, GA",
        "Howell County, MO",
        "Okeechobee County, FL",
        "Sequoyah County, OK",
        "Waldo County, ME",
        "Harrison County, IN",
        "Latah County, ID",
        "Hendry County, FL",
        "Fremont County, WY",
        "Campbell County, TN",
        "Wayne County, WV",
        "Mayes County, OK",
        "Union County, AR",
        "Jim Wells County, TX",
        "Dallas County, AL",
        "Des Moines County, IA",
        "Crawford County, KS",
        "Person County, NC",
        "Webster County, MO",
        "Susquehanna County, PA",
        "Warren County, PA",
        "Douglas County, MN",
        "Oconto County, WI",
        "Champaign County, OH",
        "Gloucester County, VA",
        "Woodford County, IL",
        "Guernsey County, OH",
        "Colleton County, SC",
        "Brown County, SD",
        "Williams County, ND",
        "Finney County, KS",
        "Defiance County, OH",
        "Isle of Wight County, VA",
        "Scott County, MO",
        "Graham County, AZ",
        "Lawrence County, MO",
        "Pontotoc County, OK",
        "Brown County, TX",
        "Franklin County, IL",
        "Montgomery County, IN",
        "Cass County, IN",
        "Natchitoches Parish, LA",
        "Newberry County, SC",
        "Clinton County, PA",
        "Independence County, AR",
        "Marion County, IL",
        "Jasper County, IA",
        "Clarion County, PA",
        "Talbot County, MD",
        "Essex County, NY",
        "Covington County, AL",
        "Houghton County, MI",
        "Oneida County, WI",
        "Boone County, AR",
        "Steele County, MN",
        "Jefferson County, IL",
        "Webster Parish, LA",
        "Albany County, WY",
        "Addison County, VT",
        "Calloway County, KY",
        "Dodge County, NE",
        "Bennington County, VT",
        "Yadkin County, NC",
        "Louisa County, VA",
        "Webster County, IA",
        "Green County, WI",
        "Chippewa County, MI",
        "Clinton County, IL",
        "Okmulgee County, OK",
        "Williams County, OH",
        "Dyer County, TN",
        "Escambia County, AL",
        "Putnam County, IN",
        "Delta County, MI",
        "Graves County, KY",
        "Dare County, NC",
        "Clark County, KY",
        "Hopkins County, TX",
        "McLeod County, MN",
        "Coshocton County, OH",
        "Whitley County, KY",
        "Huntington County, IN",
        "Macon County, NC",
        "Wise County, VA",
        "Sagadahoc County, ME",
        "Geary County, KS",
        "Alexander County, NC",
        "Beauregard Parish, LA",
        "Knox County, IN",
        "Matagorda County, TX",
        "Greene County, PA",
        "Scotts Bluff County, NE",
        "Carlton County, MN",
        "Floyd County, KY",
        "Miami County, IN",
        "Ware County, GA",
        "Orange County, VA",
        "Greenup County, KY",
        "Livingston County, IL",
        "Laclede County, MO",
        "Cocke County, TN",
        "Hill County, TX",
        "Adams County, IN",
        "Sioux County, IA",
        "Washington County, TX",
        "Madison County, NE",
        "Uintah County, UT",
        "Fannin County, TX",
        "Perry County, OH",
        "Wapello County, IA",
        "Lincoln County, ME",
        "Lincoln County, TN",
        "Warren County, MO",
        "Silver Bow County, MT",
        "Becker County, MN",
        "Alcorn County, MS",
        "Lincoln County, MS",
        "Lincoln County, NE",
        "Morrow County, OH",
        "Chambers County, AL",
        "Cowley County, KS",
        "Monroe County, IL",
        "Clark County, WI",
        "Barry County, MO",
        "Howard County, TX",
        "Effingham County, IL",
        "Monroe County, MS",
        "Ford County, KS",
        "Putnam County, OH",
        "Steuben County, IN",
        "Lee County, IL",
        "Scotland County, NC",
        "Taos County, NM",
        "Harris County, GA",
        "Brookings County, SD",
        "Nicollet County, MN",
        "Preston County, WV",
        "Halifax County, VA",
        "Platte County, NE",
        "Whitley County, IN",
        "Christian County, IL",
        "Marshall County, MS",
        "Wasatch County, UT",
        "DeSoto County, FL",
        "Fulton County, IL",
        "Harvey County, KS",
        "Miami County, KS",
        "Emmet County, MI",
        "Marshall County, TN",
        "Seneca County, NY",
        "Pulaski County, VA",
        "Morrison County, MN",
        "Lee County, IA",
        "Lincoln County, OK",
        "Wexford County, MI",
        "Botetourt County, VA",
        "Accomack County, VA",
        "Marion County, IA",
        "Jasper County, TX",
        "Bureau County, IL",
        "Greenbrier County, WV",
        "Panola County, MS",
        "Daviess County, IN",
        "Caroline County, MD",
        "Petersburg City, VA",
        "Morgan County, IL",
        "Lumpkin County, GA",
        "Pike County, AL",
        "Wakulla County, FL",
        "Hot Spring County, AR",
        "Lawrence County, AL",
        "Gibson County, IN",
        "Clinton County, IN",
        "Jasper County, IN",
        "Jefferson County, IN",
        "Transylvania County, NC",
        "Lassen County, CA",
        "Weakley County, TN",
        "Morton County, ND",
        "Hale County, TX",
        "Pickens County, GA",
        "Logan County, WV",
        "Lafayette County, MO",
        "Rhea County, TN",
        "Stark County, ND",
        "Jefferson County, WA",
        "Lee County, GA",
        "Evangeline Parish, LA",
        "Jackson County, OH",
        "Dorchester County, MD",
        "Lyon County, KS",
        "Henry County, TN",
        "Chester County, SC",
        "Jefferson Davis Parish, LA",
        "Juneau City and Borough, AK",
        "Franklin County, AL",
        "Claiborne County, TN",
        "Montgomery County, KS",
        "Marshall County, KY",
        "Clarendon County, SC",
        "Huron County, MI",
        "Polk County, MO",
        "Amherst County, VA",
        "Coos County, NH",
        "Titus County, TX",
        "Malheur County, OR",
        "Polk County, MN",
        "Bolivar County, MS",
        "Adams County, NE",
        "Williamsburg County, SC",
        "Bee County, TX",
        "Pontotoc County, MS",
        "Delta County, CO",
        "Wabash County, IN",
        "McCurtain County, OK",
        "Gilmer County, GA",
        "Summit County, CO",
        "Elk County, PA",
        "Lake County, MT",
        "Stone County, MO",
        "Kleberg County, TX",
        "Muhlenberg County, KY",
        "Washington County, ME",
        "Greene County, IN",
        "Freeborn County, MN",
        "Caroline County, VA",
        "Clare County, MI",
        "Marshall County, WV",
        "Sheridan County, WY",
        "Hardin County, OH",
        "Obion County, TN",
        "Vernon County, WI",
        "Iberville Parish, LA",
        "Randolph County, IL",
        "Ottawa County, OK",
        "Trempealeau County, WI",
        "Boyle County, KY",
        "Jefferson County, ID",
        "Caledonia County, VT",
        "Knox County, KY",
        "Mecklenburg County, VA",
        "Giles County, TN",
        "Austin County, TX",
        "Wayne County, GA",
        "Bladen County, NC",
        "McPherson County, KS",
        "Powhatan County, VA",
        "Smyth County, VA",
        "Schoharie County, NY",
        "Adams County, MS",
        "Cass County, MN",
        "Madison County, GA",
        "Meade County, KY",
        "Door County, WI",
        "Sumter County, GA",
        "Haralson County, GA",
        "Park County, WY",
        "Marion County, SC",
        "Meade County, SD",
        "Franklin County, ME",
        "Marion County, AL",
        "Gallia County, OH",
        "Orange County, VT",
        "Hancock County, WV",
        "Neshoba County, MS",
        "Carroll County, VA",
        "Mason County, MI",
        "Decatur County, GA",
        "Pine County, MN",
        "Garrett County, MD",
        "Ripley County, IN",
        "Alpena County, MI",
        "Fayette County, OH",
        "Ellis County, KS",
        "Grimes County, TX",
        "Morgan County, CO",
        "Stoddard County, MO",
        "Van Wert County, OH",
        "Cass County, TX",
        "Marion County, TN",
        "Glenn County, CA",
        "Dunklin County, MO",
        "Le Sueur County, MN",
        "Marion County, MO",
        "Custer County, OK",
        "Leflore County, MS",
        "Dillon County, SC",
        "Cherokee County, NC",
        "Montgomery County, IL",
        "Sanpete County, UT",
        "Copiah County, MS",
        "Perry County, KY",
        "Elmore County, ID",
        "Lincoln County, WI",
        "Carroll County, TN",
        "Jasper County, SC",
        "Wythe County, VA",
        "Palo Pinto County, TX",
        "Jones County, GA",
        "Codington County, SD",
        "Logan County, IL",
        "Winchester City, VA",
        "Hocking County, OH",
        "Grant County, NM",
        "Carroll County, AR",
        "Randolph County, WV",
        "Tate County, MS",
        "Wells County, IN",
        "Montgomery County, KY",
        "Scott County, MS",
        "Dinwiddie County, VA",
        "Fredericksburg City, VA",
        "Washington County, IN",
        "Jackson County, WV",
        "Baker County, FL",
        "Bradford County, FL",
        "Yazoo County, MS",
        "White County, GA",
        "Monroe County, GA",
        "Peach County, GA",
        "Henderson County, TN",
        "Union County, MS",
        "McDonough County, IL",
        "Del Norte County, CA",
        "Jennings County, IN",
        "Henry County, OH",
        "Currituck County, NC",
        "Adams County, OH",
        "Upson County, GA",
        "San Jacinto County, TX",
        "Iroquois County, IL",
        "San Miguel County, NM",
        "Logan County, KY",
        "Orleans County, VT",
        "Union County, SC",
        "Cibola County, NM",
        "Pike County, OH",
        "Caddo County, OK",
        "White County, TN",
        "Tillamook County, OR",
        "Fluvanna County, VA",
        "West Baton Rouge Parish, LA",
        "Mineral County, WV",
        "Toombs County, GA",
        "Harlan County, KY",
        "Marlboro County, SC",
        "Carroll County, OH",
        "Carter County, KY",
        "De Soto Parish, LA",
        "Woodford County, KY",
        "Gillespie County, TX",
        "Hardin County, TN",
        "Boone County, IA",
        "Lewis County, NY",
        "Stephens County, GA",
        "Geneva County, AL",
        "Wasco County, OR",
        "Ashe County, NC",
        "King George County, VA",
        "Juneau County, WI",
        "Oceana County, MI",
        "Cass County, NE",
        "Decatur County, IN",
        "Clay County, IN",
        "Mille Lacs County, MN",
        "Wyoming County, PA",
        "Grayson County, KY",
        "Sunflower County, MS",
        "Union County, OR",
        "Dawson County, GA",
        "Charlevoix County, MI",
        "Grady County, GA",
        "Simpson County, MS",
        "Dickinson County, MI",
        "Franklin County, KS",
        "Garvin County, OK",
        "Taylor County, KY",
        "Edgefield County, SC",
        "Russell County, VA",
        "Lamoille County, VT",
        "Montezuma County, CO",
        "McNairy County, TN",
        "Elbert County, CO",
        "Brown County, MN",
        "Montgomery County, NC",
        "Johnson County, AR",
        "Morehouse Parish, LA",
        "Hart County, GA",
        "Barton County, KS",
        "Lawrence County, SD",
        "Mason County, WV",
        "Benton County, IA",
        "Cheboygan County, MI",
        "Hardee County, FL",
        "Hardeman County, TN",
        "Plymouth County, IA",
        "Lyon County, MN",
        "Lauderdale County, TN",
        "Staunton City, VA",
        "Gladwin County, MI",
        "Adair County, MO",
        "Salem City, VA",
        "Posey County, IN",
        "Luna County, NM",
        "Iosco County, MI",
        "Barbour County, AL",
        "Audrain County, MO",
        "Fannin County, GA",
        "Todd County, MN",
        "Pottawatomie County, KS",
        "Churchill County, NV",
        "Prentiss County, MS",
        "Otsego County, MI",
        "Cherokee County, AL",
        "Jackson County, OK",
        "Macon County, TN",
        "Butts County, GA",
        "Manistee County, MI",
        "Payette County, ID",
        "Uvalde County, TX",
        "Grant County, KY",
        "Washington County, FL",
        "Routt County, CO",
        "Chattooga County, GA",
        "Milam County, TX",
        "Randolph County, MO",
        "Texas County, MO",
        "Bremer County, IA",
        "Hickman County, TN",
        "Cleburne County, AR",
        "Somerset County, MD",
        "Yates County, NY",
        "Nicholas County, WV",
        "Randolph County, IN",
        "Bell County, KY",
        "Rowan County, KY",
        "Miller County, MO",
        "Marion County, MS",
        "Teller County, CO",
        "White County, IN",
        "Waushara County, WI",
        "Cassia County, ID",
        "Fayette County, TX",
        "Abbeville County, SC",
        "Lincoln County, KY",
        "Goochland County, VA",
        "Crook County, OR",
        "Scott County, IN",
        "George County, MS",
        "Shelby County, TX",
        "Jefferson County, OR",
        "Burke County, GA",
        "Union County, GA",
        "Aransas County, TX",
        "Jerome County, ID",
        "Dawson County, NE",
        "Fairfax City, VA",
        "Upshur County, WV",
        "Hood River County, OR",
        "Saline County, IL",
        "Blaine County, ID",
        "Itawamba County, MS",
        "Ohio County, KY",
        "Mingo County, WV",
        "Seminole County, OK",
        "Washington County, MO",
        "Page County, VA",
        "Iowa County, WI",
        "Winston County, AL",
        "Anderson County, KY",
        "St. Francis County, AR",
        "Juniata County, PA",
        "Plaquemines Parish, LA",
        "Menominee County, MI",
        "Roscommon County, MI",
        "Antrim County, MI",
        "Fayette County, IN",
        "Grainger County, TN",
        "Clarke County, AL",
        "Teton County, WY",
        "Saline County, MO",
        "Starke County, IN",
        "Meeker County, MN",
        "McDonald County, MO",
        "Franklin County, GA",
        "Curry County, OR",
        "Hampshire County, WV",
        "Yankton County, SD",
        "Poinsett County, AR",
        "Tattnall County, GA",
        "Crawford County, MO",
        "Allen Parish, LA",
        "Ray County, MO",
        "Hopewell City, VA",
        "Pacific County, WA",
        "Columbia County, AR",
        "Osceola County, MI",
        "Ouachita County, AR",
        "Vilas County, WI",
        "Johnson County, KY",
        "Caswell County, NC",
        "Franklin County, IN",
        "Emanuel County, GA",
        "Rockbridge County, VA",
        "Brooke County, WV",
        "Sumner County, KS",
        "Panola County, TX",
        "Washington County, IA",
        "New Kent County, VA",
        "Lee County, VA",
        "Klickitat County, WA",
        "Mercer County, KY",
        "Bibb County, AL",
        "Anson County, NC",
        "Sabine Parish, LA",
        "Overton County, TN",
        "Meigs County, OH",
        "Beckham County, OK",
        "Houston County, TX",
        "Asotin County, WA",
        "Limestone County, TX",
        "Leelanau County, MI",
        "Grant Parish, LA",
        "Nobles County, MN",
        "Seward County, KS",
        "Martin County, NC",
        "Waynesboro City, VA",
        "Mahaska County, IA",
        "Boone County, WV",
        "Hertford County, NC",
        "Saunders County, NE",
        "Jo Daviess County, IL",
        "Randolph County, AL",
        "Mitchell County, GA",
        "Wyandot County, OH",
        "Prince Edward County, VA",
        "Henry County, MO",
        "Tippah County, MS",
        "Putnam County, GA",
        "Scott County, TN",
        "Coahoma County, MS",
        "Letcher County, KY",
        "Colusa County, CA",
        "Logan County, CO",
        "Taylor County, FL",
        "McDuffie County, GA",
        "Gage County, NE",
        "Stutsman County, ND",
        "Hockley County, TX",
        "Grenada County, MS",
        "Wyoming County, WV",
        "Scott County, VA",
        "Nodaway County, MO",
        "Clark County, AR",
        "Jersey County, IL",
        "Fayette County, IL",
        "Moore County, TX",
        "Sevier County, UT",
        "Leake County, MS",
        "Texas County, OK",
        "Lampasas County, TX",
        "Wabasha County, MN",
        "Gray County, TX",
        "Minidoka County, ID",
        "Newton County, MS",
        "Assumption Parish, LA",
        "Logan County, AR",
        "Dakota County, NE",
        "Owen County, IN",
        "Union Parish, LA",
        "Madison County, NC",
        "Llano County, TX",
        "Hubbard County, MN",
        "Fairfield County, SC",
        "Fillmore County, MN",
        "Gaines County, TX",
        "Shelby County, IL",
        "Morgan County, TN",
        "Perry County, IL",
        "Clinton County, MO",
        "Jackson County, WI",
        "Pointe Coupee Parish, LA",
        "Morgan County, MO",
        "Bandera County, TX",
        "Worth County, GA",
        "Sullivan County, IN",
        "Hutchinson County, TX",
        "Barnwell County, SC",
        "Dodge County, MN",
        "Carroll County, IA",
        "Ogemaw County, MI",
        "Buena Vista County, IA",
        "Washington County, NE",
        "Conway County, AR",
        "Jones County, IA",
        "Meriwether County, GA",
        "Lincoln County, WV",
        "Buchanan County, VA",
        "Allen County, KY",
        "Buchanan County, IA",
        "Woodward County, OK",
        "Jay County, IN",
        "Colorado County, TX",
        "Kewaunee County, WI",
        "Greene County, NC",
        "Crisp County, GA",
        "Uinta County, WY",
        "Adams County, WI",
        "Yell County, AR",
        "Henry County, IA",
        "Clay County, KY",
        "Willacy County, TX",
        "Fulton County, IN",
        "St. James Parish, LA",
        "Greene County, VA",
        "Calhoun County, TX",
        "Adams County, WA",
        "Hempstead County, AR",
        "Breckinridge County, KY",
        "Carroll County, IN",
        "Lavaca County, TX",
        "Bourbon County, KY",
        "Dukes County, MA",
        "Labette County, KS",
        "Carbon County, UT",
        "Monroe County, AL",
        "Richland Parish, LA",
        "Winneshiek County, IA",
        "Dodge County, GA",
        "Lincoln County, NM",
        "Martin County, MN",
        "Washington County, GA",
        "Tyler County, TX",
        "Franklin Parish, LA",
        "Taylor County, WI",
        "Spencer County, IN",
        "Davison County, SD",
        "DeKalb County, TN",
        "Montague County, TX",
        "Adair County, OK",
        "DeWitt County, TX",
        "Vernon County, MO",
        "Wayne County, MS",
        "Smith County, TN",
        "Orange County, IN",
        "Wayne County, KY",
        "Jones County, TX",
        "Gonzales County, TX",
        "Douglas County, IL",
        "Morgan County, GA",
        "Lincoln County, MT",
        "Duchesne County, UT",
        "Pierce County, GA",
        "Plumas County, CA",
        "Holmes County, FL",
        "Union County, TN",
        "East Feliciana Parish, LA",
        "Fayette County, IA",
        "Marion County, KY",
        "Cherokee County, KS",
        "Jackson County, IA",
        "Macon County, AL",
        "Freestone County, TX",
        "Polk County, AR",
        "Langlade County, WI",
        "Lincoln County, WY",
        "Elbert County, GA",
        "Chaffee County, CO",
        "Polk County, NC",
        "Marengo County, AL",
        "Ashley County, AR",
        "Benton County, MO",
        "Kent County, MD",
        "McDowell County, WV",
        "Simpson County, KY",
        "Spencer County, KY",
        "Pickens County, AL",
        "Hampton County, SC",
        "Roosevelt County, NM",
        "Hart County, KY",
        "Butler County, AL",
        "Los Alamos County, NM",
        "Perry County, IN",
        "McIntosh County, OK",
        "Saluda County, SC",
        "Perry County, MO",
        "Green Lake County, WI",
        "Concordia Parish, LA",
        "Waseca County, MN",
        "Beadle County, SD",
        "Humphreys County, TN",
        "Tishomingo County, MS",
        "Warren County, NC",
        "Paulding County, OH",
        "Adair County, KY",
        "Crawford County, IL",
        "Houston County, MN",
        "Inyo County, CA",
        "Clay County, MS",
        "Pike County, GA",
        "Gem County, ID",
        "Harrison County, KY",
        "Deaf Smith County, TX",
        "Otero County, CO",
        "Poweshiek County, IA",
        "Dickinson County, KS",
        "Bethel Census Area, AK",
        "Appling County, GA",
        "Cedar County, IA",
        "Covington County, MS",
        "Lamar County, GA",
        "Greene County, GA",
        "Randolph County, AR",
        "Frio County, TX",
        "Ste. Genevieve County, MO",
        "Jefferson County, KS",
        "Fentress County, TN",
        "Yancey County, NC",
        "Stone County, MS",
        "Westmoreland County, VA",
        "Bosque County, TX",
        "Wright County, MO",
        "Montour County, PA",
        "Berrien County, GA",
        "Andrews County, TX",
        "Colonial Heights City, VA",
        "Bertie County, NC",
        "Brantley County, GA",
        "Banks County, GA",
        "Pike County, MO",
        "Madison County, FL",
        "Southampton County, VA",
        "Attala County, MS",
        "Andrew County, MO",
        "Benzie County, MI",
        "Schuyler County, NY",
        "Northampton County, NC",
        "Johnson County, TN",
        "Grant County, AR",
        "Haywood County, TN",
        "Russell County, KY",
        "Young County, TX",
        "Unicoi County, TN",
        "Winston County, MS",
        "Hughes County, SD",
        "Kalkaska County, MI",
        "Sawyer County, WI",
        "Eastland County, TX",
        "Gilchrist County, FL",
        "Hancock County, IL",
        "Avery County, NC",
        "Burleson County, TX",
        "Patrick County, VA",
        "San Juan County, WA",
        "Seward County, NE",
        "Dickinson County, IA",
        "King William County, VA",
        "Drew County, AR",
        "Delaware County, IA",
        "Polk County, TN",
        "Pitkin County, CO",
        "Cooper County, MO",
        "Lee County, TX",
        "Park County, CO",
        "Richland County, WI",
        "Chester County, TN",
        "Arkansas County, AR",
        "Union County, IL",
        "Holmes County, MS",
        "Sharp County, AR",
        "Ben Hill County, GA",
        "Mariposa County, CA",
        "Humboldt County, NV",
        "Cook County, GA",
        "Clayton County, IA",
        "Henry County, AL",
        "Franklin County, AR",
        "Morgan County, WV",
        "Mason County, KY",
        "Chickasaw County, MS",
        "Manassas Park City, VA",
        "Tama County, IA",
        "Falls County, TX",
        "Park County, MT",
        "McCreary County, KY",
        "Garrard County, KY",
        "Edgar County, IL",
        "Hardin County, IA",
        "Bristol City, VA",
        "Scurry County, TX",
        "Lewis County, WV",
        "Dallas County, MO",
        "Cross County, AR",
        "Phillips County, AR",
        "Warren County, IL",
        "Jackson County, AR",
        "Gunnison County, CO",
        "La Paz County, AZ",
        "Robertson County, TX",
        "Buckingham County, VA",
        "Bond County, IL",
        "Giles County, VA",
        "Piscataquis County, ME",
        "Marion County, AR",
        "Rabun County, GA",
        "Lee County, SC",
        "Taylor County, WV",
        "Rush County, IN",
        "Dixie County, FL",
        "Piatt County, IL",
        "Lafayette County, WI",
        "New Madrid County, MO",
        "Socorro County, NM",
        "Iowa County, IA",
        "Washburn County, WI",
        "Crawford County, IA",
        "Richland County, ND",
        "Baker County, OR",
        "Madison County, AR",
        "Idaho County, ID",
        "Potter County, PA",
        "Union County, SD",
        "Fountain County, IN",
        "Madison County, IA",
        "Clay County, IA",
        "Jasper County, MS",
        "Long County, GA",
        "Atchison County, KS",
        "Alamosa County, CO",
        "Fayette County, AL",
        "Burnett County, WI",
        "Wayne County, TN",
        "Parke County, IN",
        "Dade County, GA",
        "Hill County, MT",
        "Lawrence County, AR",
        "Lawrence County, KY",
        "Brooks County, GA",
        "Wayne County, IL",
        "Radford City, VA",
        "Rockcastle County, KY",
        "Crawford County, WI",
        "Union County, FL",
        "Bates County, MO",
        "Sevier County, AR",
        "Brunswick County, VA",
        "Appomattox County, VA",
        "Bayfield County, WI",
        "Kanabec County, MN",
        "Ashland County, WI",
        "Pemiscot County, MO",
        "Neosho County, KS",
        "Otoe County, NE",
        "Leon County, TX",
        "Richland County, IL",
        "Benton County, TN",
        "Casey County, KY",
        "Van Buren County, AR",
        "Jefferson County, IA",
        "Trinity County, CA",
        "Osage County, KS",
        "Mercer County, IL",
        "Aitkin County, MN",
        "Sequatchie County, TN",
        "Moniteau County, MO",
        "Jefferson County, GA",
        "Henry County, KY",
        "Pawnee County, OK",
        "Clarke County, MS",
        "Floyd County, IA",
        "Nottoway County, VA",
        "De Witt County, IL",
        "Grand County, CO",
        "Barbour County, WV",
        "Clark County, IL",
        "Carroll County, IL",
        "Washington County, AL",
        "Floyd County, VA",
        "Marquette County, WI",
        "Vermillion County, IN",
        "Lawrence County, IL",
        "Brown County, IN",
        "Redwood County, MN",
        "Gooding County, ID",
        "Grayson County, VA",
        "Marshall County, OK",
        "West Feliciana Parish, LA",
        "Roseau County, MN",
        "Williamsburg City, VA",
        "Tipton County, IN",
        "Kingfisher County, OK",
        "Alleghany County, VA",
        "Page County, IA",
        "Macon County, MO",
        "Jackson Parish, LA",
        "Gulf County, FL",
        "Pecos County, TX",
        "Torrance County, NM",
        "Hamilton County, IA",
        "Cleburne County, AL",
        "Missaukee County, MI",
        "Arenac County, MI",
        "Livingston County, MO",
        "Fleming County, KY",
        "Jackson County, TX",
        "Mitchell County, NC",
        "Sibley County, MN",
        "Pike County, IL",
        "Bledsoe County, TN",
        "Gogebic County, MI",
        "Kossuth County, IA",
        "Karnes County, TX",
        "Hale County, AL",
        "Clay County, SD",
        "Gasconade County, MO",
        "Nelson County, VA",
        "Oglethorpe County, GA",
        "LaSalle Parish, LA",
        "Renville County, MN",
        "Larue County, KY",
        "Jeff Davis County, GA",
        "Nolan County, TX",
        "Clarke County, VA",
        "Carbon County, WY",
        "Clay County, AR",
        "Mills County, IA",
        "Moultrie County, IL",
        "Wetzel County, WV",
        "Pendleton County, KY",
        "Harrison County, OH",
        "San Juan County, UT",
        "Harrison County, IA",
        "Dent County, MO",
        "Reeves County, TX",
        "Las Animas County, CO",
        "Fulton County, PA",
        "Knott County, KY",
        "Falls Church City, VA",
        "Smith County, MS",
        "Jasper County, GA",
        "Claiborne Parish, LA",
        "Butler County, IA",
        "Bourbon County, KS",
        "Jefferson County, FL",
        "Saline County, NE",
        "Cannon County, TN",
        "Choctaw County, OK",
        "Massac County, IL",
        "Hardy County, WV",
        "Dickenson County, VA",
        "Calhoun County, SC",
        "Clay County, AL",
        "Cedar County, MO",
        "Rusk County, WI",
        "Craig County, OK",
        "Noble County, OH",
        "Swain County, NC",
        "York County, NE",
        "Estill County, KY",
        "O'Brien County, IA",
        "Roane County, WV",
        "Atoka County, OK",
        "Allamakee County, IA",
        "Trigg County, KY",
        "Pennington County, MN",
        "Franklin County, ID",
        "Screven County, GA",
        "Crockett County, TN",
        "Wadena County, MN",
        "Price County, WI",
        "Walthall County, MS",
        "Hamilton County, FL",
        "White County, IL",
        "Morgan County, OH",
        "Zapata County, TX",
        "Ketchikan Gateway Borough, AK",
        "Faribault County, MN",
        "Lamar County, AL",
        "Winn Parish, LA",
        "Murray County, OK",
        "Newton County, IN",
        "Calhoun County, FL",
        "Oglala Lakota County, SD",
        "Washington County, IL",
        "Glacier County, MT",
        "Chowan County, NC",
        "Nantucket County, MA",
        "Union County, KY",
        "Callahan County, TX",
        "Morgan County, KY",
        "McKenzie County, ND",
        "Madison County, VA",
        "Converse County, WY",
        "Trinity County, TX",
        "Greene County, MS",
        "Izard County, AR",
        "Breathitt County, KY",
        "Ford County, IL",
        "Madison County, TX",
        "Stewart County, TN",
        "Comanche County, TX",
        "Bamberg County, SC",
        "Monroe County, OH",
        "Martinsville City, VA",
        "Grundy County, TN",
        "Calhoun County, MS",
        "Hughes County, OK",
        "Osage County, MO",
        "Fremont County, ID",
        "Buffalo County, WI",
        "Clay County, IL",
        "Pend Oreille County, WA",
        "Crenshaw County, AL",
        "Mono County, CA",
        "Jackson County, KS",
        "Archuleta County, CO",
        "Moffat County, CO",
        "Johnson County, IL",
        "Mason County, IL",
        "Amelia County, VA",
        "Kodiak Island Borough, AK",
        "Big Horn County, MT",
        "Cass County, IA",
        "Lamb County, TX",
        "Bienville Parish, LA",
        "Shoshone County, ID",
        "Lewis County, KY",
        "Crawford County, MI",
        "Lincoln County, AR",
        "Cass County, IL",
        "Powell County, KY",
        "Jackson County, KY",
        "Perquimans County, NC",
        "Webster County, KY",
        "Wright County, IA",
        "Presque Isle County, MI",
        "Mississippi County, MO",
        "Tallahatchie County, MS",
        "Howard County, AR",
        "Wilbarger County, TX",
        "Telfair County, GA",
        "Millard County, UT",
        "Vinton County, OH",
        "Choctaw County, AL",
        "Amite County, MS",
        "Braxton County, WV",
        "Bath County, KY",
        "Goshen County, WY",
        "Caldwell County, KY",
        "Meigs County, TN",
        "Madison County, MO",
        "Yalobusha County, MS",
        "Bleckley County, GA",
        "Allen County, KS",
        "Newton County, TX",
        "Chippewa County, MN",
        "Rolette County, ND",
        "Camp County, TX",
        "Pulaski County, IN",
        "Monroe County, WV",
        "Lewis County, TN",
        "Sumter County, AL",
        "Charlton County, GA",
        "Butler County, KY",
        "Colfax County, NM",
        "Poquoson City, VA",
        "Dawson County, TX",
        "Stone County, AR",
        "Menard County, IL",
        "Grundy County, IA",
        "Macon County, GA",
        "Appanoose County, IA",
        "Towns County, GA",
        "Sanders County, MT",
        "Pamlico County, NC",
        "Lake County, MI",
        "Franklin County, FL",
        "Northampton County, VA",
        "Pike County, IN",
        "Todd County, KY",
        "Koochiching County, MN",
        "Union County, IA",
        "Greene County, IL",
        "Glades County, FL",
        "Edmonson County, KY",
        "Morgan County, UT",
        "Crawford County, GA",
        "Blackford County, IN",
        "Summers County, WV",
        "Little River County, AR",
        "Fulton County, AR",
        "Jefferson County, MT",
        "Lawrence County, MS",
        "Chickasaw County, IA",
        "Rains County, TX",
        "Morris County, TX",
        "Lunenburg County, VA",
        "Skamania County, WA",
        "Custer County, MT",
        "Prowers County, CO",
        "Boundary County, ID",
        "Northumberland County, VA",
        "Morrow County, OR",
        "Linn County, MO",
        "Washington County, KY",
        "Lyon County, IA",
        "Terry County, TX",
        "Marion County, KS",
        "Magoffin County, KY",
        "Owyhee County, ID",
        "Douglas County, MO",
        "Marshall County, IL",
        "Conecuh County, AL",
        "Shelby County, IA",
        "Barton County, MO",
        "Haskell County, OK",
        "Red River County, TX",
        "Big Horn County, WY",
        "Juab County, UT",
        "DeKalb County, MO",
        "Ramsey County, ND",
        "Jackson County, TN",
        "Perry County, MS",
        "Cherokee County, IA",
        "Charlotte County, VA",
        "Iron County, MI",
        "Dooly County, GA",
        "Desha County, AR",
        "Sierra County, NM",
        "Teton County, ID",
        "Cottonwood County, MN",
        "Valley County, ID",
        "Rio Grande County, CO",
        "Greensville County, VA",
        "Fergus County, MT",
        "Trousdale County, TN",
        "Decatur County, TN",
        "Okfuskee County, OK",
        "Heard County, GA",
        "Wabash County, IL",
        "Martin County, KY",
        "Montgomery County, MO",
        "Live Oak County, TX",
        "Richland County, MT",
        "Ward County, TX",
        "Jefferson Davis County, MS",
        "Lake County, SD",
        "Blanco County, TX",
        "Wayne County, MO",
        "McIntosh County, GA",
        "Monroe County, KY",
        "Watonwan County, MN",
        "Pope County, MN",
        "Washington County, NC",
        "Bacon County, GA",
        "Owen County, KY",
        "Green County, KY",
        "Grant County, WV",
        "Ripley County, MO",
        "Noble County, OK",
        "Washita County, OK",
        "Clay County, NC",
        "Sussex County, VA",
        "Lancaster County, VA",
        "Alleghany County, NC",
        "Pushmataha County, OK",
        "Louisa County, IA",
        "Candler County, GA",
        "Roosevelt County, MT",
        "St. Helena Parish, LA",
        "Barnes County, ND",
        "North Slope Borough, AK",
        "Hancock County, IA",
        "Lake County, MN",
        "Box Butte County, NE",
        "Mackinac County, MI",
        "Early County, GA",
        "Carroll County, KY",
        "Lincoln County, WA",
        "Evans County, GA",
        "Bollinger County, MO",
        "Winnebago County, IA",
        "Red Willow County, NE",
        "Wilcox County, AL",
        "Middlesex County, VA",
        "Walsh County, ND",
        "Custer County, NE",
        "Leslie County, KY",
        "Essex County, VA",
        "Colfax County, NE",
        "Guthrie County, IA",
        "Bradley County, AR",
        "Gates County, NC",
        "Cumberland County, IL",
        "Mitchell County, IA",
        "Crawford County, IN",
        "Carbon County, MT",
        "Johnston County, OK",
        "Coosa County, AL",
        "Washington County, ID",
        "Franklin County, TX",
        "Noxubee County, MS",
        "Chicot County, AR",
        "Bullock County, AL",
        "Camden County, NC",
        "Lowndes County, AL",
        "Montgomery County, IA",
        "Ralls County, MO",
        "Madison Parish, LA",
        "Metcalfe County, KY",
        "Roberts County, SD",
        "Clay County, TX",
        "Pike County, AR",
        "Nemaha County, KS",
        "Holt County, NE",
        "Butte County, SD",
        "Howard County, MO",
        "Alcona County, MI",
        "Love County, OK",
        "Nome Census Area, AK",
        "Ochiltree County, TX",
        "Franklin County, IA",
        "Perry County, AR",
        "Carroll County, MS",
        "Keokuk County, IA",
        "Lewis County, MO",
        "Jackson County, MN",
        "Pulaski County, GA",
        "Duval County, TX",
        "Marshall County, KS",
        "Sabine County, TX",
        "Calhoun County, IA",
        "West Carroll Parish, LA",
        "Tunica County, MS",
        "Montgomery County, MS",
        "Yuma County, CO",
        "Webster County, MS",
        "Scott County, AR",
        "Grundy County, MO",
        "Zavala County, TX",
        "Runnels County, TX",
        "Martin County, IN",
        "Lanier County, GA",
        "Parmer County, TX",
        "Switzerland County, IN",
        "Emery County, UT",
        "Sac County, IA",
        "Swift County, MN",
        "McLean County, ND",
        "Marion County, TX",
        "Clarke County, IA",
        "Rock County, MN",
        "Mountrail County, ND",
        "Caldwell Parish, LA",
        "Cumberland County, VA",
        "Stevens County, MN",
        "Linn County, KS",
        "Wilkes County, GA",
        "Grand County, UT",
        "Humboldt County, IA",
        "Yellow Medicine County, MN",
        "Irwin County, GA",
        "Iron County, MO",
        "Wayne County, NE",
        "McCormick County, SC",
        "Cheyenne County, NE",
        "Latimer County, OK",
        "Greenlee County, AZ",
        "Chattahoochee County, GA",
        "Brown County, KS",
        "Benewah County, ID",
        "Brewster County, TX",
        "Nowata County, OK",
        "Rice County, KS",
        "Howard County, IA",
        "Todd County, SD",
        "Emmet County, IA",
        "Clear Creek County, CO",
        "Beaverhead County, MT",
        "Deer Lodge County, MT",
        "Hamilton County, NE",
        "Clinton County, KY",
        "Pipestone County, MN",
        "Charles Mix County, SD",
        "Jones County, NC",
        "Jasper County, IL",
        "Johnson County, GA",
        "Pratt County, KS",
        "St. Clair County, MO",
        "Kemper County, MS",
        "White Pine County, NV",
        "Forest County, WI",
        "McLean County, KY",
        "Somervell County, TX",
        "Montmorency County, MI",
        "Stephens County, TX",
        "Catahoula Parish, LA",
        "Claiborne County, MS",
        "Seminole County, GA",
        "Terrell County, GA",
        "Marshall County, MN",
        "Davis County, IA",
        "Hancock County, KY",
        "Cloud County, KS",
        "Cuming County, NE",
        "Dawson County, MT",
        "Crittenden County, KY",
        "Palo Alto County, IA",
        "Livingston County, KY",
        "Phelps County, NE",
        "Wilkinson County, GA",
        "Stillwater County, MT",
        "Alger County, MI",
        "Mitchell County, TX",
        "Richmond County, VA",
        "Oregon County, MO",
        "Caldwell County, MO",
        "Turner County, GA",
        "Wilcox County, GA",
        "Dimmit County, TX",
        "Lee County, AR",
        "Greene County, IA",
        "Sublette County, WY",
        "Blaine County, OK",
        "Monona County, IA",
        "Woods County, OK",
        "Modoc County, CA",
        "Clearwater County, ID",
        "Wilson County, KS",
        "Wilkinson County, MS",
        "Perry County, AL",
        "Montgomery County, GA",
        "Lyon County, KY",
        "Gallatin County, KY",
        "Jenkins County, GA",
        "Benton County, IN",
        "Ritchie County, WV",
        "Quay County, NM",
        "Ozark County, MO",
        "Hancock County, GA",
        "Lucas County, IA",
        "Monroe County, MO",
        "Turner County, SD",
        "Archer County, TX",
        "Platte County, WY",
        "Carroll County, MO",
        "Mathews County, VA",
        "Montgomery County, AR",
        "Clearwater County, MN",
        "Kiowa County, OK",
        "Sitka City and Borough, AK",
        "Trimble County, KY",
        "Madison County, MT",
        "Jack County, TX",
        "Rosebud County, MT",
        "Maries County, MO",
        "Johnson County, WY",
        "Knox County, NE",
        "Warren County, IN",
        "Hickory County, MO",
        "Daviess County, MO",
        "Webster County, WV",
        "Mercer County, ND",
        "Cedar County, NE",
        "Tyler County, WV",
        "Bracken County, KY",
        "Dawes County, NE",
        "Coffey County, KS",
        "Custer County, SD",
        "Kusilvak Census Area, AK",
        "Butler County, NE",
        "Lafayette County, FL",
        "Nevada County, AR",
        "Perry County, TN",
        "Keith County, NE",
        "Prairie County, AR",
        "Allendale County, SC",
        "Atkinson County, GA",
        "Choctaw County, MS",
        "Baraga County, MI",
        "Franklin City, VA",
        "Houston County, TN",
        "Harrison County, MO",
        "Murray County, MN",
        "Hamilton County, TX",
        "Oscoda County, MI",
        "Clay County, WV",
        "Lake County, OR",
        "Graham County, NC",
        "Clay County, KS",
        "San Miguel County, CO",
        "Twiggs County, GA",
        "Hamilton County, IL",
        "Traill County, ND",
        "Pocahontas County, WV",
        "Schoolcraft County, MI",
        "Liberty County, FL",
        "San Augustine County, TX",
        "Lemhi County, ID",
        "Doddridge County, WV",
        "Humphreys County, MS",
        "Thomas County, KS",
        "Richardson County, NE",
        "Searcy County, AR",
        "Taylor County, GA",
        "Power County, ID",
        "Greene County, AL",
        "Coleman County, TX",
        "Ballard County, KY",
        "Anderson County, KS",
        "Red River Parish, LA",
        "Northwest Arctic Borough, AK",
        "Washakie County, WY",
        "Major County, OK",
        "Decatur County, IA",
        "Yoakum County, TX",
        "Franklin County, MS",
        "Merrick County, NE",
        "Benton County, MS",
        "Lincoln County, GA",
        "McCulloch County, TX",
        "Kane County, UT",
        "Cleveland County, AR",
        "Winkler County, TX",
        "Pleasants County, WV",
        "Monroe County, IA",
        "Dade County, MO",
        "Conejos County, CO",
        "Wheeler County, GA",
        "Clay County, TN",
        "Marion County, GA",
        "Valley County, MT",
        "Grant County, SD",
        "Boise County, ID",
        "Doniphan County, KS",
        "Nicholas County, KY",
        "Gilmer County, WV",
        "East Carroll Parish, LA",
        "Kingman County, KS",
        "Harney County, OR",
        "Castro County, TX",
        "Worth County, IA",
        "Adair County, IA",
        "Chariton County, MO",
        "Grant County, KS",
        "Lake County, CO",
        "Elliott County, KY",
        "Hutchinson County, SD",
        "Rappahannock County, VA",
        "Newton County, AR",
        "Wallowa County, OR",
        "Pepin County, WI",
        "Lexington City, VA",
        "Jefferson County, MS",
        "Pierce County, NE",
        "Lee County, KY",
        "Grand Isle County, VT",
        "Grant County, OR",
        "Jefferson County, NE",
        "Ferry County, WA",
        "Van Buren County, IA",
        "Lake County, TN",
        "Shannon County, MO",
        "Crook County, WY",
        "Dallam County, TX",
        "Forest County, PA",
        "Brooks County, TX",
        "Union County, IN",
        "Pocahontas County, IA",
        "Goliad County, TX",
        "Kit Carson County, CO",
        "Tillman County, OK",
        "Swisher County, TX",
        "Blaine County, MT",
        "Nemaha County, NE",
        "Bon Homme County, SD",
        "Chugach Census Area, AK",
        "Caribou County, ID",
        "Fall River County, SD",
        "Ida County, IA",
        "Bailey County, TX",
        "Beaver County, UT",
        "La Salle County, TX",
        "Powell County, MT",
        "Schuyler County, IL",
        "Pembina County, ND",
        "Monroe County, AR",
        "Weston County, WY",
        "Wabaunsee County, KS",
        "Southeast Fairbanks Census Area, AK",
        "Refugio County, TX",
        "Tucker County, WV",
        "Charles City County, VA",
        "Thurston County, NE",
        "Huerfano County, CO",
        "Childress County, TX",
        "Lac qui Parle County, MN",
        "Russell County, KS",
        "Clinch County, GA",
        "Burt County, NE",
        "Fremont County, IA",
        "Hancock County, TN",
        "King and Queen County, VA",
        "Galax City, VA",
        "Pershing County, NV",
        "Wolfe County, KY",
        "Clark County, MO",
        "Buena Vista City, VA",
        "Dallas County, AR",
        "Broadwater County, MT",
        "Kearney County, NE",
        "Surry County, VA",
        "Fulton County, KY",
        "Wayne County, IA",
        "Randolph County, GA",
        "Norman County, MN",
        "Wilkin County, MN",
        "Rio Blanco County, CO",
        "Henderson County, IL",
        "Moore County, TN",
        "Howard County, NE",
        "Bottineau County, ND",
        "Calhoun County, WV",
        "Treutlen County, GA",
        "Spink County, SD",
        "Ellsworth County, KS",
        "Lafayette County, AR",
        "Saguache County, CO",
        "Pawnee County, KS",
        "Moody County, SD",
        "Woodruff County, AR",
        "Brown County, IL",
        "Presidio County, TX",
        "Bear Lake County, ID",
        "Quitman County, MS",
        "Antelope County, NE",
        "Bland County, VA",
        "Pendleton County, WV",
        "Edwards County, IL",
        "Gentry County, MO",
        "Teton County, MT",
        "Osceola County, IA",
        "Menifee County, KY",
        "Reynolds County, MO",
        "Hamlin County, SD",
        "Clay County, NE",
        "Benson County, ND",
        "Shelby County, MO",
        "Van Buren County, TN",
        "Iron County, WI",
        "Greenwood County, KS",
        "Grant County, MN",
        "Sullivan County, MO",
        "Cumberland County, KY",
        "Crowley County, CO",
        "Miller County, GA",
        "Pondera County, MT",
        "Essex County, VT",
        "Sherman County, KS",
        "Sullivan County, PA",
        "Taylor County, IA",
        "Ohio County, IN",
        "Chouteau County, MT",
        "Ontonagon County, MI",
        "Prince of Wales-Hyder Census Area, AK",
        "Mitchell County, KS",
        "Stanton County, NE",
        "Bent County, CO",
        "Carson County, TX",
        "Talbot County, GA",
        "Gilpin County, CO",
        "Ottawa County, KS",
        "San Saba County, TX",
        "Emporia City, VA",
        "Alfalfa County, OK",
        "Garza County, TX",
        "Lander County, NV",
        "Gray County, KS",
        "Covington City, VA",
        "Ransom County, ND",
        "McCook County, SD",
        "Calhoun County, GA",
        "Audubon County, IA",
        "Lincoln County, MN",
        "Cameron Parish, LA",
        "Putnam County, IL",
        "Dixon County, NE",
        "Lincoln County, CO",
        "Tripp County, SD",
        "Cotton County, OK",
        "Lynn County, TX",
        "Cook County, MN",
        "Fillmore County, NE",
        "Greer County, OK",
        "Washington County, KS",
        "Harper County, KS",
        "Luce County, MI",
        "Cherry County, NE",
        "Jefferson County, OK",
        "Alexander County, IL",
        "Day County, SD",
        "Floyd County, TX",
        "Hartley County, TX",
        "Norton County, KS",
        "Stark County, IL",
        "Yukon-Koyukuk Census Area, AK",
        "Mahnomen County, MN",
        "Haskell County, TX",
        "McHenry County, ND",
        "Boone County, NE",
        "Morris County, KS",
        "Carter County, MO",
        "Walworth County, SD",
        "Stewart County, GA",
        "Dewey County, SD",
        "Hansford County, TX",
        "Stevens County, KS",
        "Atchison County, MO",
        "Johnson County, NE",
        "Coal County, OK",
        "Pulaski County, IL",
        "Crosby County, TX",
        "Wirt County, WV",
        "Delta County, TX",
        "Aleutians West Census Area, AK",
        "Brule County, SD",
        "Polk County, NE",
        "Warren County, GA",
        "Martin County, TX",
        "Lincoln County, ID",
        "Scott County, KS",
        "Big Stone County, MN",
        "Sheridan County, NE",
        "Kingsbury County, SD",
        "Beaver County, OK",
        "Wheeler County, TX",
        "Hamilton County, NY",
        "Garfield County, UT",
        "Thayer County, NE",
        "Gallatin County, IL",
        "Phillips County, KS",
        "Pickett County, TN",
        "Dickey County, ND",
        "Toole County, MT",
        "Rooks County, KS",
        "Scott County, IL",
        "Craig County, VA",
        "Dillingham Census Area, AK",
        "Jim Hogg County, TX",
        "Ouray County, CO",
        "Washington County, CO",
        "Carlisle County, KY",
        "Musselshell County, MT",
        "Calhoun County, AR",
        "Scotland County, MO",
        "Ringgold County, IA",
        "Custer County, CO",
        "Putnam County, MO",
        "Republic County, KS",
        "Hyde County, NC",
        "Hot Springs County, WY",
        "Furnas County, NE",
        "Crane County, TX",
        "Schley County, GA",
        "Lincoln County, NV",
        "Cameron County, PA",
        "Morrill County, NE",
        "Mineral County, NV",
        "Dewey County, OK",
        "Florence County, WI",
        "Calhoun County, IL",
        "Hickman County, KY",
        "Mills County, TX",
        "Oneida County, ID",
        "Phillips County, CO",
        "Mineral County, MT",
        "Guadalupe County, NM",
        "Wahkiakum County, WA",
        "Marshall County, SD",
        "Adams County, ID",
        "Menominee County, WI",
        "Holt County, MO",
        "Kimble County, TX",
        "Deuel County, SD",
        "Custer County, ID",
        "Tensas Parish, LA",
        "Bath County, VA",
        "Phillips County, MT",
        "Mora County, NM",
        "Hidalgo County, NM",
        "Kittson County, MN",
        "Barber County, KS",
        "LaMoure County, ND",
        "Grant County, OK",
        "Sharkey County, MS",
        "Nuckolls County, NE",
        "Union County, NM",
        "Stafford County, KS",
        "Owsley County, KY",
        "Schuyler County, MO",
        "Meade County, KS",
        "Dunn County, ND",
        "Storey County, NV",
        "Pierce County, ND",
        "Wells County, ND",
        "Valley County, NE",
        "Kearny County, KS",
        "Edmunds County, SD",
        "Gregory County, SD",
        "Sioux County, ND",
        "Columbia County, WA",
        "Corson County, SD",
        "Mason County, TX",
        "Red Lake County, MN",
        "Sargent County, ND",
        "Pope County, IL",
        "Ellis County, OK",
        "Haskell County, KS",
        "Clark County, SD",
        "Knox County, MO",
        "Lake of the Woods County, MN",
        "Lyman County, SD",
        "Cavalier County, ND",
        "Fisher County, TX",
        "Hardin County, IL",
        "Adams County, IA",
        "Norton City, VA",
        "Chase County, NE",
        "Echols County, GA",
        "Sweet Grass County, MT",
        "Lewis County, ID",
        "Smith County, KS",
        "Kimball County, NE",
        "Catron County, NM",
        "Hardeman County, TX",
        "Mercer County, MO",
        "Sheridan County, MT",
        "Baca County, CO",
        "Costilla County, CO",
        "Osborne County, KS",
        "Baylor County, TX",
        "Roger Mills County, OK",
        "Hemphill County, TX",
        "Webster County, NE",
        "Tyrrell County, NC",
        "Hanson County, SD",
        "Sutton County, TX",
        "Bennett County, SD",
        "Aleutians East Borough, AK",
        "Foster County, ND",
        "Chautauqua County, KS",
        "Nance County, NE",
        "Knox County, TX",
        "Petersburg Borough, AK",
        "Reagan County, TX",
        "Traverse County, MN",
        "Harper County, OK",
        "Upton County, TX",
        "Granite County, MT",
        "Hudspeth County, TX",
        "Emmons County, ND",
        "Coke County, TX",
        "Donley County, TX",
        "Harlan County, NE",
        "Kinney County, TX",
        "Concho County, TX",
        "Woodson County, KS",
        "Shackelford County, TX",
        "Lipscomb County, TX",
        "Sierra County, CA",
        "Fallon County, MT",
        "Hand County, SD",
        "Nelson County, ND",
        "Bowman County, ND",
        "Sherman County, NE",
        "Perkins County, SD",
        "Stanley County, SD",
        "Lincoln County, KS",
        "Collingsworth County, TX",
        "Crockett County, TX",
        "Baker County, GA",
        "Jewell County, KS",
        "Franklin County, NE",
        "Edwards County, KS",
        "Glascock County, GA",
        "Clay County, GA",
        "Rush County, KS",
        "Hall County, TX",
        "Jackson County, SD",
        "Perkins County, NE",
        "Real County, TX",
        "Douglas County, SD",
        "Trego County, KS",
        "Decatur County, KS",
        "Logan County, KS",
        "Gove County, KS",
        "Brown County, NE",
        "Morton County, KS",
        "Ness County, KS",
        "Aurora County, SD",
        "Cheyenne County, KS",
        "Copper River Census Area, AK",
        "Hitchcock County, NE",
        "Potter County, SD",
        "Chase County, KS",
        "Butte County, ID",
        "Hamilton County, KS",
        "McIntosh County, ND",
        "Pawnee County, NE",
        "Cochran County, TX",
        "Schleicher County, TX",
        "Harmon County, OK",
        "Rawlins County, KS",
        "Frontier County, NE",
        "Rich County, UT",
        "Hettinger County, ND",
        "Wayne County, UT",
        "Niobrara County, WY",
        "Ziebach County, SD",
        "Elk County, KS",
        "Sedgwick County, CO",
        "Sheridan County, KS",
        "Kiowa County, KS",
        "Graham County, KS",
        "Kidder County, ND",
        "Eddy County, ND",
        "Webster County, GA",
        "Sanborn County, SD",
        "Sherman County, TX",
        "Grant County, ND",
        "Renville County, ND",
        "Hoonah-Angoon Census Area, AK",
        "Miner County, SD",
        "Dolores County, CO",
        "Garfield County, WA",
        "Cimarron County, OK",
        "Oldham County, TX",
        "Quitman County, GA",
        "McPherson County, SD",
        "Griggs County, ND",
        "Adams County, ND",
        "Highland County, VA",
        "Greeley County, NE",
        "Culberson County, TX",
        "Robertson County, KY",
        "Divide County, ND",
        "Towner County, ND",
        "Denali Borough, AK",
        "Burke County, ND",
        "Wrangell City and Borough, AK",
        "Faulk County, SD",
        "Wichita County, KS",
        "Haines Borough, AK",
        "Stanton County, KS",
        "Wheatland County, MT",
        "Keweenaw County, MI",
        "Liberty County, MT",
        "Jeff Davis County, TX",
        "Judith Basin County, MT",
        "Worth County, MO",
        "Clark County, KS",
        "Menard County, TX",
        "Armstrong County, TX",
        "Buffalo County, SD",
        "Gilliam County, OR",
        "Meagher County, MT",
        "Mellette County, SD",
        "Dundy County, NE",
        "Garfield County, NE",
        "Deuel County, NE",
        "De Baca County, NM",
        "Steele County, ND",
        "Haakon County, SD",
        "Hodgeman County, KS",
        "Oliver County, ND",
        "Logan County, ND",
        "Golden Valley County, ND",
        "Boyd County, NE",
        "Jerauld County, SD",
        "Gosper County, NE",
        "Piute County, UT",
        "Comanche County, KS",
        "McCone County, MT",
        "Sherman County, OR",
        "Powder River County, MT",
        "Daniels County, MT",
        "Garden County, NE",
        "Cheyenne County, CO",
        "Eureka County, NV",
        "Taliaferro County, GA",
        "Dickens County, TX",
        "Cottle County, TX",
        "Irion County, TX",
        "Campbell County, SD",
        "Wallace County, KS",
        "Lane County, KS",
        "Wheeler County, OR",
        "Throckmorton County, TX",
        "Kiowa County, CO",
        "Sterling County, TX",
        "Hyde County, SD",
        "Jackson County, CO",
        "Edwards County, TX",
        "Stonewall County, TX",
        "Carter County, MT",
        "Alpine County, CA",
        "Skagway Municipality, AK",
        "Sheridan County, ND",
        "Rock County, NE",
        "Sully County, SD",
        "Motley County, TX",
        "Briscoe County, TX",
        "Greeley County, KS",
        "Prairie County, MT",
        "Glasscock County, TX",
        "Harding County, SD",
        "Issaquena County, MS",
        "Foard County, TX",
        "Sioux County, NE",
        "Camas County, ID",
        "Wibaux County, MT",
        "Esmeralda County, NV",
        "Lake and Peninsula Borough, AK",
        "Terrell County, TX",
        "Garfield County, MT",
        "Keya Paha County, NE",
        "Jones County, SD",
        "Hayes County, NE",
        "Logan County, NE",
        "Hinsdale County, CO",
        "Bristol Bay Borough, AK",
        "Clark County, ID",
        "Billings County, ND",
        "Golden Valley County, MT",
        "Mineral County, CO",
        "Slope County, ND",
        "Wheeler County, NE",
        "McMullen County, TX",
        "Roberts County, TX",
        "Grant County, NE",
        "Hooker County, NE",
        "San Juan County, CO",
        "Treasure County, MT",
        "Loup County, NE",
        "Kent County, TX",
        "Banner County, NE",
        "Daggett County, UT",
        "Yakutat City and Borough, AK",
        "Thomas County, NE",
        "Borden County, TX",
        "Harding County, NM",
        "McPherson County, NE",
        "Arthur County, NE",
        "Petroleum County, MT",
        "Blaine County, NE",
        "King County, TX",
        "Kenedy County, TX",
        "Loving County, TX",
        "Kalawao County, HI"
      ]
    },
    "state": {
      "title": "Select a state",
      "type": "string",
      "editor": "select",
      "enum": [
        "AL",
        "AK",
        "AS",
        "AZ",
        "AR",
        "CA",
        "CO",
        "CT",
        "DE",
        "DC",
        "FM",
        "FL",
        "GA",
        "GU",
        "HI",
        "ID",
        "IL",
        "IN",
        "IA",
        "KS",
        "KY",
        "LA",
        "ME",
        "MH",
        "MD",
        "MA",
        "MI",
        "MN",
        "MS",
        "MO",
        "MT",
        "NE",
        "NV",
        "NH",
        "NJ",
        "NM",
        "NY",
        "NC",
        "ND",
        "MP",
        "OH",
        "OK",
        "OR",
        "PW",
        "PA",
        "PR",
        "RI",
        "SC",
        "SD",
        "TN",
        "TX",
        "UT",
        "VT",
        "VI",
        "VA",
        "WA",
        "WV",
        "WI",
        "WY"
      ],
      "enumTitles": [
        "Alabama",
        "Alaska",
        "American Samoa",
        "Arizona",
        "Arkansas",
        "California",
        "Colorado",
        "Connecticut",
        "Delaware",
        "District of Columbia",
        "States of Micronesia",
        "Florida",
        "Georgia",
        "Guam",
        "Hawaii",
        "Idaho",
        "Illinois",
        "Indiana",
        "Iowa",
        "Kansas",
        "Kentucky",
        "Louisiana",
        "Maine",
        "Marshall Islands",
        "Maryland",
        "Massachusetts",
        "Michigan",
        "Minnesota",
        "Mississippi",
        "Missouri",
        "Montana",
        "Nebraska",
        "Nevada",
        "New Hampshire",
        "New Jersey",
        "New Mexico",
        "New York",
        "North Carolina",
        "North Dakota",
        "Northern Mariana Islands",
        "Ohio",
        "Oklahoma",
        "Oregon",
        "Palau",
        "Pennsilvania",
        "Puerto Rico",
        "Rhode Island",
        "South Carolina",
        "South Dakota",
        "Tennessee",
        "Texas",
        "Utah",
        "Vermont",
        "Virgin Islands",
        "Virginia",
        "Washington",
        "West Virginia",
        "Wisconsin",
        "Wyoming"
      ]
    },
    "zipcode": {
      "title": "Zip Code",
      "type": "string",
      "editor": "textfield",
      "pattern": "^\\d{5}$",
      "minLength": 5,
      "maxLength": 5
    },
    "proxy": {
      "sectionCaption": "Proxies",
      "title": "Proxy Type",
      "type": "string",
      "description": "Toggles between datacenters and residentials",
      "default": "none",
      "enum": [
        "default",
        "residential",
        "none"
      ],
      "enumTitles": [
        "Datacenters (default)",
        "Residentials",
        "Don't use proxy"
      ]
    },
    "debug": {
      "title": "Debug Mode",
      "type": "boolean",
      "description": "turn on console.log messages.",
      "default": false
    }
  },
  "required": [
    "searchby"
  ]
}